{
    "Weather Score": [
        6.5714285714,
       5.9285714286,
       6.2857142857,
       5.9285714286,
       6.5714285714
    ],
    "Corona score (%)": [
       85.8206121261,
       60.7365458118,
       60.6110498827,
       75.9730522665,
       90.0694461119
    ],
    "Cost": [
       0.3807142857,
       0.17,
       0.1692857143,
       0.2614285714,
       0.3385714286
    ],
    "# Hike Spots": [
       5.0,
       7.0,
       7.0,
       2.0,
       3.0
    ],
    "# Surf Spots": [
       3.0,
       3.0,
       5.0,
       7.0,
       5.0
    ],
    "# Spots": [
       8.0,
       10.0,
       12.0,
       9.0,
       8.0
    ],
    "CO2 Emissions": [
       473.0,
       519.0,
       549.0,
       609.0,
       625.0
    ],
    "Travel Time (h)": [
       1766.0,
       1966.0,
       2253.0,
       2761.0,
       2384.0
    ]
}